"'Para disputar 0 reportar inexactitudes en la información que hemos entregado a una Agencia de informes de crédito del consumidor acerca de suscuentas: Wells Fargo Bank, N.A. podría suministrar información sobre las cuentas de depósito a las agencias de informes Early Warning Services. Usted tiene derecho a disputar la exactitud de la información que hemos suministrad a una agencia de informes de crédito del consumidor escribiéndonos a Overdraft Collection and Recovery, P.O. Box 5058, Portland, OR 97208-5058. Incluya con la disputa la siguiente información, según se encuentre disponible: Nombre completo (primero, segundo, apellido), Dirección completa, El número de cuenta u otra información para identificar la cuenta en disputa, Últimos cuatro dígitos de su número de Seguro Social, Fecha de nacimiento. Describa la información específica que es inexacta 0 disputada, y la base de la disputa junto con la documentación de respaldo. Si considera que la información suministrada es el resultado robo de identidad, proporciónenos un informe de robo de identidad. En caso de errores o preguntas sobre otras transacciones (que no sean transferencias electrónicas): Revise su estado de cuenta sin demora en el transcurso de los 30 días después de que lo hayamos puesto a su disposición, y notifíquenos de cualquier error.","'Si su cuenta tiene un saldo negativo: Tenga presente que un sobregiro en la cuenta que no se resuelva en el transcurso de los 60 días a partir de la fecha en que se produjo el sobregiro provocará que su cuenta se cierre y sea calificada como incobrable. En este caso, es importante que usted haga arreglos para redirigir depósitos y pagos recurrentes a otra cuenta. Icierre se reportará a Early Warning Services. Nos reservamos el derecho de cerrar y/o recalificar como incobrable su cuenta en una fecha anterior, según lo permita la ley. Las leyes de ciertos estados nos exigen que le informemos que este comunicado constituye un intento de cobrar una deuda y que toda información obtenida se usará para ese propósito. Para descargar e imprimir una Hoja de datos para el cálculo del saldo de la cuenta (PDF) que le ayude a cuadrar su cuenta de cheques 0 de ahorros, ingrese www.wellsfargo.com/cuadrarmicuenta en su navegador, ya sea en su computadora o dispositivo móvil.",
"'Important Information You Should Know","'",
"'To dispute or report inaccuracies in information we have furnished to a Consumer Reporting Agency about your accounts: Wells Fargo Bank, N.A. may furnish information about deposit accounts to Early Warning Services. You have the right to dispute the accuracy of information that we have furnished to a consumer reporting agency by writing to us at Overdraft Collection and Recovery, P.O. Box 5058, Portland, OR 97208-5058. Include with the dispute the following information as available: Full name (First, Middle, Last), Complete address, The account number or other information to identify the account being disputed, Last four digits of your social security number, Date of Birth. Please describe the specific information that is inaccurate or in dispute and the basis for the dispute along with supporting documentation. If you believe the information furnished is the result of identity theft, please provide us with an identity thef report. In case of errors or questions about other transactions (that are not electronic transfers): Promptly review your account statement within 30 days after we made it available to you, and notify us of any errors.","'If your account has a negative balance: Please note that an account overdraft that is not resolved 60 days from the date the account first became overdrawn will result in closure and charge off of your account. In this event, it is important that you make arrangements to redirect recurring deposits and payments to another account. The closure will be reported to Early Warning Services. We reserve the right to close and/or charge-off your account at an earlier date, as permitted by law. The laws of some states require us to inform you that this communication is an attempt to collect a debt and that any information obtained will be used for that purpose. To download and print an Account Balance Calculation Worksheet (PDF) to help you balance your checking or savings account, enter www.wellsfargo.com/balancemyaccount in your browser on either your computer or mobile device.",
,

'Confidence Scores % (Table Cell)
""'49.92675781","'50.14648438",
"'47.26562500","'47.26562500",
"'42.33398438","'42.52929688",
